{
    "distance_numpy": [
        0.0001690387725830078,
        2.574920654296875e-05,
        2.9802322387695312e-05,
        5.984306335449219e-05,
        7.605552673339844e-05
    ],
    "distance_numba": [
        3.218650817871094e-05,
        6.198883056640625e-06,
        1.0013580322265625e-05,
        1.9311904907226562e-05,
        3.6716461181640625e-05
    ],
    "distance_numba_serial": [
        7.867813110351562e-06,
        1.0967254638671875e-05,
        5.0067901611328125e-05,
        4.1961669921875e-05,
        7.891654968261719e-05
    ],
    "lengths": [
        1024,
        2048,
        4096,
        8192,
        16384
    ]
}