{
    "distance_numpy": [
        6.794929504394531e-05,
        2.7418136596679688e-05,
        1.6450881958007812e-05,
        2.1457672119140625e-05,
        1.7404556274414062e-05,
        1.71661376953125e-05,
        1.6450881958007812e-05,
        1.430511474609375e-05,
        1.4543533325195312e-05,
        1.621246337890625e-05,
        1.6450881958007812e-05,
        1.8596649169921875e-05,
        2.2411346435546875e-05,
        4.863739013671875e-05,
        7.414817810058594e-05,
        0.00020933151245117188,
        0.0001685619354248047,
        0.0004029273986816406,
        0.0007421970367431641,
        0.0016317367553710938,
        0.002805471420288086,
        0.006331920623779297,
        0.014451265335083008,
        0.03050374984741211,
        0.0696101188659668,
        0.14210176467895508,
        0.2987051010131836,
        0.5867149829864502,
        1.2183589935302734,
        2.412550926208496,
        4.994587182998657,
        9.545313596725464,
        20.155519723892212,
        53.792896032333374
    ],
    "distance_numba": [
        1.9073486328125e-06,
        1.430511474609375e-06,
        1.1920928955078125e-06,
        1.9073486328125e-06,
        1.1920928955078125e-06,
        9.5367431640625e-07,
        1.430511474609375e-06,
        1.1920928955078125e-06,
        1.6689300537109375e-06,
        1.9073486328125e-06,
        1.9073486328125e-06,
        2.86102294921875e-06,
        5.7220458984375e-06,
        1.0013580322265625e-05,
        1.9311904907226562e-05,
        3.719329833984375e-05,
        7.534027099609375e-05,
        0.00015354156494140625,
        0.00033974647521972656,
        0.0006518363952636719,
        0.0012085437774658203,
        0.002356290817260742,
        0.0051996707916259766,
        0.011276960372924805,
        0.023788928985595703,
        0.046172142028808594,
        0.09855461120605469,
        0.18090343475341797,
        0.3928217887878418,
        0.7889080047607422,
        1.7065386772155762,
        2.9044461250305176,
        6.947422742843628,
        20.2675940990448
    ],
    "distance_numba_serial": [
        1.430511474609375e-06,
        1.1920928955078125e-06,
        1.1920928955078125e-06,
        9.5367431640625e-07,
        9.5367431640625e-07,
        9.5367431640625e-07,
        9.5367431640625e-07,
        2.384185791015625e-06,
        1.1920928955078125e-06,
        2.6226043701171875e-06,
        5.245208740234375e-06,
        5.0067901611328125e-06,
        9.5367431640625e-06,
        2.09808349609375e-05,
        7.081031799316406e-05,
        6.103515625e-05,
        0.00030231475830078125,
        0.0005517005920410156,
        0.0013663768768310547,
        0.002354860305786133,
        0.0038716793060302734,
        0.00793600082397461,
        0.01903367042541504,
        0.03508806228637695,
        0.07194685935974121,
        0.1390213966369629,
        0.285036563873291,
        0.549100399017334,
        1.1391215324401855,
        2.2493133544921875,
        4.660710096359253,
        8.818205118179321,
        18.802862882614136,
        56.882838010787964
    ],
    "lengths": [
        1,
        2,
        4,
        8,
        16,
        32,
        64,
        128,
        256,
        512,
        1024,
        2048,
        4096,
        8192,
        16384,
        32768,
        65536,
        131072,
        262144,
        524288,
        1048576,
        2097152,
        4194304,
        8388608,
        16777216,
        33554432,
        67108864,
        134217728,
        268435456,
        536870912,
        1073741824,
        2147483648,
        4294967296,
        8589934592
    ]
}